﻿<parameters>
  <parameter name="IIS Web Application Name" defaultValue="checkSaver.com" tags="IisApp">
    <parameterEntry kind="ProviderPath" scope="IisApp" match="^C:\\Users\\natas\\Source\\Repos\\CheckSaver\\CheckSaver\\obj\\Release\\Package\\PackageTmp$" />
    <parameterEntry kind="ProviderPath" scope="setAcl" match="^C:\\Users\\natas\\Source\\Repos\\CheckSaver\\CheckSaver\\obj\\Release\\Package\\PackageTmp$" />
  </parameter>
  <parameter name="CheckSaver-Web.config Connection String" defaultValue="metadata=res://*/Models.NewCheckSaverModel.csdl|res://*/Models.NewCheckSaverModel.ssdl|res://*/Models.NewCheckSaverModel.msl;provider=System.Data.SqlClient;provider connection string=&quot;Data Source=DESKTOP-HJFBHBS\SQLEXPRESS;Initial Catalog=checkSaver;Integrated Security=True&quot;">
    <parameterEntry kind="XmlFile" scope="C:\\Users\\natas\\Source\\Repos\\CheckSaver\\CheckSaver\\obj\\Release\\Package\\PackageTmp\\Web\.config$" match="/configuration/connectionStrings/add[@name='CheckSaver']/@connectionString" />
  </parameter>
  <parameter name="CheckSaverInvoice-Web.config Connection String" defaultValue="metadata=res://*/Models.InvoicesModel.csdl|res://*/Models.InvoicesModel.ssdl|res://*/Models.InvoicesModel.msl;provider=System.Data.SqlClient;provider connection string=&quot;Data Source=DESKTOP-HJFBHBS\SQLEXPRESS;Initial Catalog=checkSaver;Integrated Security=True&quot;">
    <parameterEntry kind="XmlFile" scope="C:\\Users\\natas\\Source\\Repos\\CheckSaver\\CheckSaver\\obj\\Release\\Package\\PackageTmp\\Web\.config$" match="/configuration/connectionStrings/add[@name='CheckSaverInvoice']/@connectionString" />
  </parameter>
</parameters>